{"cameraMode":{"drawMode":0,"name":"Shaded","section":"Shading Mode"},"sceneLighting":true,"audioPlay":false,"sceneViewState":{"showFog":true,"showMaterialUpdate":false,"showSkybox":true,"showFlares":true,"showImageEffects":true,"showParticleSystems":true},"in2DMode":false,"pivot":{"x":155.6988525390625,"y":45.68528747558594,"z":-72.98983001708985},"rotation":{"x":0.4249326288700104,"y":0.4106621742248535,"z":0.22528205811977387,"w":-0.774620532989502},"size":10.555571556091309,"orthographic":false}